maker_code,product_code,product_name,packing_unit,standard_wholesale_price,guideline_price
10050,WGS,ＷｉＳＭ予備洗浄スプレー,本,500,420
10050,WFHS-500,ＷｉＳＭ泡ハンドソープ　５００ｍＬ,本,250,235
11408,OW-Z731AW,ＷｉＳＭサークルＰＲＯ空気清浄機ＨＥＰＡ,台,140000,120000
11408,HAS343-01X,サークルフィルターＰＲＯ,個,1020,9600
11605,ST205,ＷｉＳＭ　シトカップ１００個入,箱,470,435
11605,038741,ＷｉＳＭガーゼ寝巻　紳士用　Ｌ,枚,955,800
11605,038742,ＷｉＳＭガーゼ寝巻　紳士用　ＬＯ,枚,955,800
11605,038740,ＷｉＳＭガーゼ寝巻　紳士用　Ｍ,枚,955,800
11605,038739,ＷｉＳＭガーゼ寝巻　紳士用　Ｓ,枚,955,800
11605,038745,ＷｉＳＭガーゼ寝巻　婦人用　Ｌ,枚,955,800
11605,038746,ＷｉＳＭガーゼ寝巻　婦人用　ＬＯ,枚,955,800
11605,038744,ＷｉＳＭガーゼ寝巻　婦人用　Ｍ,枚,955,800
11605,038743,ＷｉＳＭガーゼ寝巻　婦人用　Ｓ,枚,955,800
11605,SM-205-F,ＷｉＳＭシトカップ蓋ムジエアーアナアキ,箱,13000,13000
11605,WST-60,ＷｉＳＭ滅菌タオル,箱,1120,920
11605,WSHM-24,ＷｉＳＭ酒精綿,箱,385,360
11605,WNG20,ＷｉＳＭ不織布ガーゼ　２０×２０ｃｍ,箱,510,490
11605,WNG25,ＷｉＳＭ不織布ガーゼ　２５×２５ｃｍ,箱,560,540
11605,WNG30,ＷｉＳＭ不織布ガーゼ　３０×３０ｃｍ,箱,560,540
11995,WKK-P21,ＷｉＳＭアドソンピンセット120無鈎,本,1900,1900
11995,WKK-P22,ＷｉＳＭアドソンピンセット120有鉤,本,1900,1900
11995,WKK-K81,ＷｉＳＭアリス鉗子直　１５０,本,1900,1900
11995,WKK-K82,ＷｉＳＭアリス鉗子直　１８０,本,1920,1920
11995,WKK-R01,ＷｉＳＭウェイトラナー開創器１１鋭２×３,本,8000,8000
11995,WKK-R02,ＷｉＳＭウエイトラナー開創器１１鈍２×３,本,8000,8000
11995,WKK-R03,ＷｉＳＭウエイトラナー開創器１３鋭３×４,本,8000,8000
11995,WKK-R04,ＷｉＳＭウエイトラナー開創器１３鈍３×４,本,8000,8000
11995,WKK-R05,ＷｉＳＭウエイトラナー開創器１６鋭３×４,本,8000,8000
11995,WKK-R06,ＷｉＳＭウエイトラナー開創器１６鈍３×４,本,8000,8000
11995,WKK-C63,ＷｉＳＭエレバトリウム強弯,本,3200,3200
11995,WKK-C62,ＷｉＳＭエレバトリウム弱弯,本,3200,3200
11995,WKK-C61,ＷｉＳＭエレバトリウム直,本,3200,3200
11995,WKK-C71,ＷｉＳＭギブス剪刀２００,本,2100,2100
11995,WKK-C72,ＷｉＳＭギブス剪刀２３０,本,2100,2100
11995,WKK-U51,ＷｉＳＭキルナー剪刀反　１３０,本,1540,1540
11995,WKK-L11,ＷｉＳＭケリー剥離鉗子３００　弱弯,本,9600,9600
11995,WKK-C51,ＷｉＳＭケリソンパンチ１ｍｍ×２００,本,36000,36000
11995,WKK-C52,ＷｉＳＭケリソンパンチ２ｍｍ×１８０,本,36000,36000
11995,WKK-C53,ＷｉＳＭケリソンパンチ２ｍｍ×２００,本,36000,36000
11995,WKK-C54,ＷｉＳＭケリソンパンチ３ｍｍ×２００,本,36000,36000
11995,WKK-C55,ＷｉＳＭケリソンパンチ４ｍｍ×１８０,本,36000,36000
11995,WKK-C56,ＷｉＳＭケリソンパンチ４ｍｍ×２００,本,36000,36000
11995,WKK-K23,ＷｉＳＭコッヘル止血鉗子有鈎　直　１６０,本,1750,1750
11995,WKK-K33,ＷｉＳＭコッヘル止血鉗子有鈎　反　１６０,本,1750,1750
11995,WKK-S52S,ＷｉＳＭスーパーメッツェン鋸刃反　１８０,本,7400,7400
11995,WKK-T21,ＷｉＳＭスティーブン　両尖反１１５チップ,本,5760,5760
11995,WKK-T22,ＷｉＳＭスティーブン　両尖反１１５鋸刃,本,6400,6400
11995,WKK-L72,ＷｉＳＭタオル鉗子　ローナ,本,1750,1750
11995,WKK-L73,ＷｉＳＭタオル鉗子　東北大式,本,1750,1750
11995,WKK-L71,ＷｉＳＭタオル鉗子バックハウス,本,1750,1750
11995,WKK-P45,ＷｉＳＭチップ付ピンセット１８０,本,16800,16800
11995,WKK-P47,ＷｉＳＭチップ付ピンセット２１０,本,16800,16800
11995,BF-15701M,ＷｉＳＭチューブ鉗子　１５５ｍｍ,本,2100,2100
11995,BF-18701M,ＷｉＳＭチューブ鉗子　１８０ｍｍ,本,2700,2700
11995,WKK-K03,ＷｉＳＭペアン止血鉗子無鈎　直　１６０,本,1750,1750
11995,WKK-K13,ＷｉＳＭペアン止血鉗子無鈎　反　１６０,本,1750,1750
11995,WKK-J02,ＷｉＳＭヘガール持針器１６０　チップ先細,本,6800,6800
11995,WKK-J03,ＷｉＳＭヘガール持針器１８０　チップ先細,本,6800,6800
11995,WKK-J06,ＷｉＳＭヘガール持針器２００　チップ先細,本,7400,7400
11995,WKK-J19,ＷｉＳＭヘガール持針器２１０　チップ,本,7400,7400
11995,WKK-J61,ＷｉＳＭヘガール持針器２３０　左用,本,12800,12800
11995,WKK-J17,ＷｉＳＭへガール持針器超硬チップ付120,本,7500,7500
11995,WKK-J11,ＷｉＳＭへガール持針器超硬チップ付130,本,7500,7500
11995,WKK-J15,ＷｉＳＭへガール持針器超硬チップ付140,本,8000,8000
11995,WKK-J18,ＷｉＳＭへガール持針器超硬チップ付150,本,7200,7200
11995,WKK-J12,ＷｉＳＭへガール持針器超硬チップ付160,本,8400,8400
11995,WKK-J13,ＷｉＳＭへガール持針器超硬チップ付180,本,8600,8600
11995,WKK-J14,ＷｉＳＭへガール持針器超硬チップ付190,本,10000,10000
11995,WKK-J16,ＷｉＳＭへガール持針器超硬チップ付200,本,7500,7500
11995,WKK-J71,ＷｉＳＭマイクロ持針器１８５　チップ付,本,16000,16000
11995,WKK-M31,ＷｉＳＭマイクロ剪刀バヨネット　２１０　直,本,50000,50000
11995,WKK-M41,ＷｉＳＭマイクロ剪刀バヨネット　２１０　反,本,50000,50000
11995,WKK-M32,ＷｉＳＭマイクロ剪刀バヨネット直　１７０,本,32000,32000
11995,WKK-M33,ＷｉＳＭマイクロ剪刀バヨネット直　２００,本,32000,32000
11995,WKK-M34,ＷｉＳＭマイクロ剪刀バヨネット直　２２０,本,32000,32000
11995,WKK-M42,ＷｉＳＭマイクロ剪刀バヨネット反　１７０,本,32000,32000
11995,WKK-M43,ＷｉＳＭマイクロ剪刀バヨネット反　２００,本,32000,32000
11995,WKK-M44,ＷｉＳＭマイクロ剪刀バヨネット反　２２０,本,32000,32000
11995,WKK-M01,ＷｉＳＭマイクロ剪刀直型　１６０ｍｍ　直,本,50000,50000
11995,WKK-M11,ＷｉＳＭマイクロ剪刀直型　１６０ｍｍ　反,本,50000,50000
11995,WKK-P11,ＷｉＳＭマッカンドーピンセット150無鈎,本,1500,1500
11995,WKK-P12,ＷｉＳＭマッカンドーピンセット150有鈎,本,1500,1500
11995,WKK-J51,ＷｉＳＭマッチュウ１９０チップ細身,本,7400,7400
11995,WKK-J52,ＷｉＳＭマッチュウ１９０チップ細身先細,本,7400,7400
11995,WKK-J22,ＷｉＳＭマッチュウ持針器１４０　チップ,本,6400,6400
11995,WKK-J43,ＷｉＳＭマッチュウ持針器１６０,本,4700,4700
11995,WKK-J23,ＷｉＳＭマッチュウ持針器１６０　チップ,本,6800,6800
11995,WKK-J44,ＷｉＳＭマッチュウ持針器１７０,本,4700,4700
11995,WKK-J24,ＷｉＳＭマッチュウ持針器１７０　チップ,本,6800,6800
11995,WKK-J53,ＷｉＳＭマッチュウ持針器１９０　ハズシ,本,5600,5600
11995,WKK-J45,ＷｉＳＭマッチュウ持針器２００,本,4700,4700
11995,WKK-J21,ＷｉＳＭマッチュウ持針器超硬チップ付190,本,9600,9600
11995,WKK-J31,ＷｉＳＭマッチュウ持針器超硬チップ付先細190,本,9600,9600
11995,WKK-L61,ＷｉＳＭミクスター鉗子２７０　直角,本,9600,9600
11995,WKK-T01,ＷｉＳＭメーヨー剪刀直　１４５,本,1540,1540
11995,WKK-T02,ＷｉＳＭメーヨー剪刀直　１７０,本,1660,1660
11995,WKK-T03,ＷｉＳＭメーヨー剪刀直　２１０,本,1800,1800
11995,WKK-T11,ＷｉＳＭメーヨー剪刀反　１４５,本,1540,1540
11995,WKK-T12,ＷｉＳＭメーヨー剪刀反　１７０,本,1660,1660
11995,WKK-T13,ＷｉＳＭメーヨー剪刀反　２１０,本,1800,1800
11995,WKK-S43,ＷｉＳＭメッツェンバーム　直１５０,本,1760,1760
11995,WKK-S43T,ＷｉＳＭメッツェンバーム　直１５０チップ,本,6000,6000
11995,WKK-S41,ＷｉＳＭメッツェンバーム　直１６０,本,1920,1920
11995,WKK-S42,ＷｉＳＭメッツェンバーム　直１８０,本,2100,2100
11995,WKK-S42T,ＷｉＳＭメッツェンバーム　直１８０チップ,本,6400,6400
11995,WKK-S44,ＷｉＳＭメッツェンバーム　直２００,本,2450,2450
11995,WKK-S44T,ＷｉＳＭメッツェンバーム　直２００チップ,本,7000,7000
11995,WKK-S53,ＷｉＳＭメッツェンバーム　反１５０,本,1760,1760
11995,WKK-S53T,ＷｉＳＭメッツェンバーム　反１５０チップ,本,6000,6000
11995,WKK-S52T,ＷｉＳＭメッツェンバーム　反１８０チップ,本,6400,6400
11995,WKK-S54,ＷｉＳＭメッツェンバーム　反２００,本,2450,2450
11995,WKK-S54T,ＷｉＳＭメッツェンバーム　反２００チップ,本,7000,7000
11995,WKK-S55T,ＷｉＳＭメッツェンバーム　反２８０チップ,本,13440,13440
11995,WKK-S51,ＷｉＳＭメッツェンバーム剪刀　反　１６０,本,2700,2700
11995,WKK-S52,ＷｉＳＭメッツェンバーム剪刀　反　１８０,本,2890,2890
11995,WKK-K61,ＷｉＳＭモスキートコッヘル有鈎　直１２０,本,1750,1750
11995,WKK-K71,ＷｉＳＭモスキートコッヘル有鈎　反１２０,本,1750,1750
11995,WKK-J81,ＷｉＳＭライダー持針器１８０　チップ付,本,8960,8960
11995,WKK-J82,ＷｉＳＭライダー持針器２２０　チップ付,本,9400,9400
11995,WKK-H01,ＷｉＳＭランゲンベック鈎１０ｘ２５,本,2880,2880
11995,WKK-H02,ＷｉＳＭランゲンベック鈎１３ｘ３６,本,2880,2880
11995,WKK-K91,ＷｉＳＭリスター鉗子無鈎　直　１８５,本,3325,3325
11995,WKK-C41,ＷｉＳＭリュエル鉗子曲１５０　１関節,本,28800,28800
11995,WKK-C43,ＷｉＳＭリュエル鉗子曲１８０　１関節,本,28800,28800
11995,WKK-C44,ＷｉＳＭリュエル鉗子曲１８０　２関節,本,28800,28800
11995,WKK-C45,ＷｉＳＭリュエル鉗子曲２００　１関節,本,28800,28800
11995,WKK-C46,ＷｉＳＭリュエル鉗子曲２００　２関節,本,28800,28800
11995,WKK-C48,ＷｉＳＭリュエル鉗子曲２５０　２関節,本,28800,28800
11995,WKK-C31,ＷｉＳＭリュエル鉗子直１５０　１関節,本,28800,28800
11995,WKK-C33,ＷｉＳＭリュエル鉗子直１８０　１関節,本,28800,28800
11995,WKK-C34,ＷｉＳＭリュエル鉗子直１８０　２関節,本,28800,28800
11995,WKK-C35,ＷｉＳＭリュエル鉗子直２００　１関節,本,28800,28800
11995,WKK-C36,ＷｉＳＭリュエル鉗子直２００　２関節,本,28800,28800
11995,WKK-C38,ＷｉＳＭリュエル鉗子直２５０　２関節,本,28800,28800
11995,WKK-P51,ＷｉＳＭルーツェピンセット無鈎１７０,本,1500,1500
11995,WKK-P53,ＷｉＳＭルーツェピンセット無鈎２１０先長,本,2160,2160
11995,WKK-J91,ＷｉＳＭローゼル持針器１９０　チップ付,本,7400,7400
11995,WKK-J92,ＷｉＳＭローゼル持針器２１０　チップ付,本,7400,7400
11995,WKK-C81,ＷｉＳＭワイヤーカッター１８０,本,22400,22400
11995,WKK-T81,ＷｉＳＭ下甲介剪刀直　１６０,本,1920,1920
11995,WKK-P31,ＷｉＳＭ外科ピンセット１３０無鈎　細,本,1050,1050
11995,WKK-P32,ＷｉＳＭ外科ピンセット１３０有鈎　細,本,1110,1110
11995,WKK-P33,ＷｉＳＭ外科ピンセット１５０無鈎　細,本,1200,1200
11995,WKK-P34,ＷｉＳＭ外科ピンセット１５０有鈎　細,本,1260,1260
11995,WKK-P35,ＷｉＳＭ外科ピンセット１８０無鈎　細,本,1360,1360
11995,WKK-P36,ＷｉＳＭ外科ピンセット１８０有鈎　細,本,1420,1420
11995,WKK-P07,ＷｉＳＭ外科ピンセット２１０ｍｍ無鈎,本,1110,1110
11995,WKK-P08,ＷｉＳＭ外科ピンセット２１０ｍｍ有鈎,本,1250,1250
11995,WKK-P09,ＷｉＳＭ外科ピンセット２３０ｍｍ無鈎,本,1250,1250
11995,WKK-P00,ＷｉＳＭ外科ピンセット２３０ｍｍ有鈎,本,1400,1400
11995,WKK-P01,ＷｉＳＭ外科用ピンセット130mm無鈎,本,1150,1150
11995,WKK-P02,ＷｉＳＭ外科用ピンセット130mm有鉤,本,1150,1150
11995,WKK-P03,ＷｉＳＭ外科用ピンセット150mm無鈎,本,1250,1250
11995,WKK-P04,ＷｉＳＭ外科用ピンセット150mm有鉤,本,1250,1250
11995,WKK-P05,ＷｉＳＭ外科用ピンセット180mm無鈎,本,1600,1600
11995,WKK-P06,ＷｉＳＭ外科用ピンセット180mm有鉤,本,1600,1600
11995,WKK-S81,ＷｉＳＭ外科剪刀片尖　直　１４０,本,1500,1500
11995,WKK-S82,ＷｉＳＭ外科剪刀片尖　直　１８０,本,1600,1600
11995,WKK-S83,ＷｉＳＭ外科剪刀片尖　直　２００,本,1920,1920
11995,WKK-S91,ＷｉＳＭ外科剪刀片尖　反　１４０,本,1500,1500
11995,WKK-S92,ＷｉＳＭ外科剪刀片尖　反　１８０,本,1600,1600
11995,WKK-S93,ＷｉＳＭ外科剪刀片尖　反　２００,本,1920,1920
11995,WKK-S22,ＷｉＳＭ外科剪刀両尖　直　１４0,本,1900,1900
11995,WKK-S23,ＷｉＳＭ外科剪刀両尖　直　１８０,本,1600,1600
11995,WKK-S24,ＷｉＳＭ外科剪刀両尖　直　２００,本,1920,1920
11995,WKK-S32,ＷｉＳＭ外科剪刀両尖　反　１４０,本,1500,1500
11995,WKK-S33,ＷｉＳＭ外科剪刀両尖　反　１８０,本,1600,1600
11995,WKK-S34,ＷｉＳＭ外科剪刀両尖　反　２００,本,1920,1920
11995,WKK-S01,ＷｉＳＭ外科剪刀両鈍　直　１４０,本,1500,1500
11995,WKK-S01H,ＷｉＳＭ外科剪刀両鈍　直　１４０　ハズシ,本,1500,1500
11995,WKK-S02,ＷｉＳＭ外科剪刀両鈍　直　１８０,本,1600,1600
11995,WKK-S02H,ＷｉＳＭ外科剪刀両鈍　直　１８０　ハズシ,本,1600,1600
11995,WKK-S03,ＷｉＳＭ外科剪刀両鈍　直　２００,本,1920,1920
11995,WKK-S03H,ＷｉＳＭ外科剪刀両鈍　直　２００　ハズシ,本,1920,1920
11995,WKK-S11H,ＷｉＳＭ外科剪刀両鈍　反　１４０　ハズシ,本,1500,1500
11995,WKK-S11,ＷｉＳＭ外科剪刀両鈍　反　１４０,本,1900,1900
11995,WKK-S12,ＷｉＳＭ外科剪刀両鈍　反　１８０,本,1600,1600
11995,WKK-S12H,ＷｉＳＭ外科剪刀両鈍　反　１８０　ハズシ,本,1600,1600
11995,WKK-S13,ＷｉＳＭ外科剪刀両鈍　反　２００,本,1920,1920
11995,WKK-S13H,ＷｉＳＭ外科剪刀両鈍　反　２００　ハズシ,本,1920,1920
11995,WKK-S14,ＷｉＳＭ外科剪刀両鈍　反　２２０　ロング,本,6400,6400
11995,WKK-S15,ＷｉＳＭ外科剪刀両鈍　反　２４０　ロング,本,7680,7680
11995,WKK-S16,ＷｉＳＭ外科剪刀両鈍　反　２６０　ロング,本,8960,8960
11995,WKK-S17,ＷｉＳＭ外科剪刀両鈍　反　２８０　ロング,本,9600,9600
11995,WKK-C93,ＷｉＳＭ丸ノミ幅１０ｍｍ　ベークライト柄,本,7000,7000
11995,WKK-C94,ＷｉＳＭ丸ノミ幅１５ｍｍ　ベークライト柄,本,7000,7000
11995,WKK-C91,ＷｉＳＭ丸ノミ幅５ｍｍ　ベークライト柄,本,7000,7000
11995,WKK-C92,ＷｉＳＭ丸ノミ幅７ｍｍ　ベークライト柄,本,7000,7000
11995,WKK-P61,ＷｉＳＭ眼科ピンセット１２５,本,10000,10000
11995,WKK-P72,ＷｉＳＭ眼科マイクロピンセット１１０,本,13200,13200
11995,WKK-P71,ＷｉＳＭ眼科マイクロピンセット９０,本,12000,12000
11995,WKK-S61,ＷｉＳＭ眼科剪刀尖　直　１１０,本,1600,1600
11995,WKK-S71,ＷｉＳＭ眼科剪刀尖　反　１１０,本,1600,1600
11995,WKK-H21,ＷｉＳＭ筋鈎×双鈍鈎６　×１５,本,5500,5500
11995,WKK-T41,ＷｉＳＭ形成剪刀鋭直　１３０　鋭,本,1900,1900
11995,WKK-T51,ＷｉＳＭ形成剪刀鋭反　１３０　鋭,本,1900,1900
11995,WKK-T61,ＷｉＳＭ形成剪刀鈍直　１３０　鈍,本,1900,1900
11995,WKK-T71,ＷｉＳＭ形成剪刀鈍反　１３０　鈍,本,1900,1900
11995,WKK-U41,ＷｉＳＭ細部剪刀反鋭反　鋭　１２５,本,1540,1540
11995,WKK-T91,ＷｉＳＭ糸切剪刀両尖　反　１４０,本,1600,1600
11995,WKK-H31,ＷｉＳＭ柔軟性腸圧ヘラ４０×３７０,本,4000,4000
11995,WKK-L41,ＷｉＳＭ直角鉗子無鈎　１８５,本,4700,4700
11995,WKK-L02,ＷｉＳＭ爪切鉗子１２０,本,1900,1900
11995,WKK-L03,ＷｉＳＭ爪切鉗子１２０　先端大,本,1900,1900
11995,WKK-L01,ＷｉＳＭ爪切鉗子９５,本,1900,1900
11995,WKK-U02,ＷｉＳＭ粘膜剥離剪刀　１８０,本,22400,22400
11995,WKK-U12,ＷｉＳＭ粘膜剥離剪刀　反　１８０,本,14400,14400
11995,WKK-U01,ＷｉＳＭ粘膜剥離剪刀１５０,本,22400,22400
11995,WKK-U04,ＷｉＳＭ粘膜剥離剪刀１８０　ギザ／チップ,本,38400,38400
11995,WKK-U05,ＷｉＳＭ粘膜剥離剪刀１８０　両面ギザ刃,本,38400,38400
11995,WKK-U03,ＷｉＳＭ粘膜剥離剪刀１８０　両面チップ,本,38400,38400
11995,WKK-U11,ＷｉＳＭ粘膜剥離剪刀反　１５０,本,14400,14400
11995,WKK-U31,ＷｉＳＭ剥離形成剪刀反　１９０,本,2500,2500
11995,WKK-L33,ＷｉＳＭ剥離鉗子無鈎　アングル　１９０,本,4700,4700
11995,WKK-L32,ＷｉＳＭ剥離鉗子無鈎　強弯　１９０,本,4700,4700
11995,WKK-L31,ＷｉＳＭ剥離鉗子無鈎　弱弯　１９０,本,4700,4700
11995,WKK-L21,ＷｉＳＭ剥離鉗子無鈎　直　１９０,本,4700,4700
11995,WKK-L51,ＷｉＳＭ麦粒鉗子反　２７０,本,3400,3400
11995,WKK-C02,ＷｉＳＭ平ノミ　片刃　１０ｍｍ,本,5000,5000
11995,WKK-C03,ＷｉＳＭ平ノミ　片刃　１５ｍｍ,本,5000,5000
11995,WKK-C04,ＷｉＳＭ平ノミ　片刃　２０ｍｍ,本,5000,5000
11995,WKK-C05,ＷｉＳＭ平ノミ　片刃　２５ｍｍ,本,5000,5000
11995,WKK-C06,ＷｉＳＭ平ノミ　片刃　３０ｍｍ,本,5000,5000
11995,WKK-C07,ＷｉＳＭ平ノミ　片刃　３５ｍｍ,本,5000,5000
11995,WKK-C08,ＷｉＳＭ平ノミ　片刃　４０ｍｍ,本,5000,5000
11995,WKK-C01,ＷｉＳＭ平ノミ　片刃　５ｍｍ,本,5000,5000
11995,WKK-C12,ＷｉＳＭ平ノミ　両刃　１０ｍｍ,本,5000,5000
11995,WKK-C13,ＷｉＳＭ平ノミ　両刃　１５ｍｍ,本,5000,5000
11995,WKK-C14,ＷｉＳＭ平ノミ　両刃　２０ｍｍ,本,5000,5000
11995,WKK-C15,ＷｉＳＭ平ノミ　両刃　２５ｍｍ,本,5000,5000
11995,WKK-C16,ＷｉＳＭ平ノミ　両刃　３０ｍｍ,本,5000,5000
11995,WKK-C17,ＷｉＳＭ平ノミ　両刃　３５ｍｍ,本,5000,5000
11995,WKK-C18,ＷｉＳＭ平ノミ　両刃　４０ｍｍ,本,5000,5000
11995,WKK-C11,ＷｉＳＭ平ノミ　両刃　５ｍｍ,本,5000,5000
11995,WKK-C21,ＷｉＳＭ平ノミ幅１０ｍｍ　ベークライト柄,本,7000,7000
11995,WKK-C22,ＷｉＳＭ平ノミ幅１５ｍｍ　ベークライト柄,本,7000,7000
11995,WKK-C23,ＷｉＳＭ平ノミ幅２０ｍｍ　ベークライト柄,本,7000,7000
11995,WKK-C24,ＷｉＳＭ平ノミ幅２５ｍｍ　ベークライト柄,本,7000,7000
11995,WKK-H11,ＷｉＳＭ両頭扁平鈎６×２５・７×３０,本,5500,5500
11995,WKK-K21,コッヘル止血鉗子　直　１４０,本,2200,2200
11995,WKK-K22,コッヘル止血鉗子　直　１８０,本,2200,2200
11995,WKK-K31,コッヘル止血鉗子　反　１４０,本,2300,2300
11995,WKK-K32,コッヘル止血鉗子　反　１８０,本,2300,2300
11995,WKK-K01,ペアン止血鉗子　直　１４０,本,2200,2200
11995,WKK-K02,ペアン止血鉗子　直　１８０,本,2200,2200
11995,WKK-K11,ペアン止血鉗子　反　１４０,本,2300,2300
11995,WKK-K12,ペアン止血鉗子　反　１８０,本,2300,2300
12020,WMS-500,ＷｉＳＭ滅菌シャーレ,箱,4200,4200
12228,WHP10L,ＷｉＳＭハイパープロテックス　１０Ｌ,箱,9290,8400
12228,WHP300,ＷｉＳＭハイパープロテックス　３００ｍｌ,本,353,310
12228,WHP5L,ＷｉＳＭハイパープロテックス　５Ｌ,箱,6140,5250
14032,WSLK,ＷｉＳＭ水銀レス血圧計,台,5800,5680
14129,PG20B,ＷｉＳＭプラスチックガウン　２０枚入,箱,760,740
15100,W10MG,ＷｉＳＭ　１０ｍガーゼ,袋,190,185
15100,WCM3,ＷｉＳＭ　カット綿　３号　３．５×３．５,箱,650,635
15100,WCM4,ＷｉＳＭ　カット綿　４号　４×４,箱,590,580
15100,WCM5,ＷｉＳＭ　カット綿　５号　５×５,箱,650,635
15100,WDM500,ＷｉＳＭ　脱脂綿　５００ｇ,包,680,665
15100,WMK10,ＷｉＳＭ　綿球№１０　（１０ｍｍ）,箱,1600,1550
15100,WMK14,ＷｉＳＭ　綿球№１４　（１４ｍｍ）,箱,1600,1550
15100,WMK20,ＷｉＳＭ　綿球№２０　（２０ｍｍ）,箱,1600,1550
15100,WMK25,ＷｉＳＭ　綿球№２５　（２５ｍｍ）,箱,1600,1550
15100,WMK30,ＷｉＳＭ　綿球№３０　（３０ｍｍ）,箱,1600,1550
15100,WMK40,ＷｉＳＭ　綿球№４０　（４０ｍｍ）,箱,1600,1550
15100,WMK7,ＷｉＳＭ　綿球№７　（７ｍｍ）５０ｇ,箱,3700,3600
15100,WSG2,ＷｉＳＭガーゼ　２折　３００枚,包,1650,1620
15100,WSG4,ＷｉＳＭガーゼ　４折　３００枚,包,1550,1530
15100,WSG8,ＷｉＳＭガーゼ　８折　３００枚,包,1550,1530
15100,WSGB,ＷｉＳＭガーゼ　ベタ平　３００枚,包,1650,1610
15100,WSGH,ＷｉＳＭガーゼ　平１０反　３００枚,包,1650,1630
15293,WOC-UL,ＷｉＳＭ酸素カニューラ,箱,2800,2600
15298,WSM2,ＷｉＳＭサージカルマーカー　１０セット,袋,950,780
15298,WSMGVF,ＷｉＳＭサージカルマーカー　ＧＶフリー,袋,1200,1050
15298,WTC2,ＷｉＳＭチップクリーナー,式,2200,2000
21234,02720315000,ＷｉＳＭ滅菌プローブカバー14x150cm,袋,6500,6000
21234,02720314000,ＷｉＳＭ滅菌プローブカバー14x90cm,袋,6500,6000
21234,02720313000,ＷｉＳＭ滅菌プローブカバー9x90cm,袋,6500,6000
21355,WAB1-25,ＷｉＳＭアルカリ乾電池　単１－２本×５Ｐ,箱,935,900
21355,WAB2-26,ＷｉＳＭアルカリ乾電池　単２－２本×６Ｐ,箱,780,732
21355,WAB3-45,ＷｉＳＭアルカリ乾電池　単３－４本×５Ｐ,箱,365,335
21355,WAB4-45,ＷｉＳＭアルカリ乾電池　単４－４本×５Ｐ,箱,365,335
22110,K050,ＷｉＳＭ　ドレッシングテープ　１巻入,箱,1200,1080
22110,K100,ＷｉＳＭ　ドレッシングテープ　１巻入,箱,2065,1920
22110,K150,ＷｉＳＭ　ドレッシングテープ　１巻入,箱,2840,2670
22110,WSP-10135S,ＷｉＳＭサンフティパッドＳ　１０１３５,箱,1070,1050
22110,WSP-6070S,ＷｉＳＭサンフティパッドＳ　６０７０,箱,635,620
22110,WSP-6090S,ＷｉＳＭサンフティパッドＳ　６０９０,箱,730,710
22110,WSP-80100S,ＷｉＳＭサンフティパッドＳ　８０１００,箱,695,670
22110,PYI-M61030,ＷｉＳＭフレキシブルマルチチューブ内径６,箱,4000,3500
22110,PYI-M71130,ＷｉＳＭフレキシブルマルチチューブ内径７,箱,4000,3500
22110,PYI-M81220,ＷｉＳＭフレキシブルマルチチューブ内径８,箱,4000,3500
22110,PYI-715,ミリオンビニルチューブ,箱,4830,4830
24001,WSS-35W,ＷｉＳＭスキンステープラー,箱,3960,3700
32452,324145,ＷｉＳＭメッドファインインシュリン針,箱,525,480
32452,RL3012-30,ＷｉＳＭメッドランセット,箱,220,210
32985,WIIC1000,ＷｉＳＭ　Ｉ・Ｉカバー　１０００ｍｍφ,箱,4200,3950
32985,WIIC1200,ＷｉＳＭ　Ｉ・Ｉカバー　１２００ｍｍΦ,箱,4300,4300
32985,WIIC800,ＷｉＳＭ　Ｉ・Ｉカバー　８００ｍｍφ,箱,4000,3550
32985,WRS,ＷｉＳＭ検査用ロールシーツ,巻,460,400
32985,WRS-P,ＷｉＳＭ検査用ロールシーツ　ピンク,巻,460,400
32985,WRS-WBL,ＷｉＳＭ検査用ロールシーツ　ワイドブルー,巻,650,630
33001,WPS-125,ＷｉＳＭピーフィックスⅡサージカルテープ,箱,1200,1100
33001,WPS-250,ＷｉＳＭピーフィックスⅡサージカルテープ,箱,1050,1020
33056,AS301HA-NEX,Eサージカルスパチュラ電極,箱,26250,26250
33056,AS301H-NEX,Eサージカルスパチュラ電極,箱,26250,26250
33056,AS302HA-NEX,Eサージカルスパチュラ電極ロング,箱,31500,31500
33056,AS302H-NEX,Eサージカルスパチュラ電極ロング,箱,31500,31500
33056,PEN05-NEX,Ｅサージカルペンシルフットスイッチ,箱,29000,29000
33056,PEN06-NEX,Ｅサージカルペンシルフットスイッチ,箱,37000,37000
33056,PEN51-NEX,Ｅサージカルペンシルフットスイッチ,箱,30000,30000
33056,PEN61-NEX,Ｅサージカルペンシルフットスイッチ,箱,38000,38000
33056,PEN01I-NEX,Ｅサージカルペンシルボタンスイッチ,箱,24000,24000
33056,PEN02-NEX,Ｅサージカルペンシルボタンスイッチ,箱,23500,23500
33056,PEN21-NEX,Ｅサージカルペンシルボタンスイッチ,箱,28500,28500
33056,PEN03I-NEX,Ｅサージカルペンシルロッカースイッチ,箱,24000,24000
33056,PEN03-NEX,Ｅサージカルペンシルロッカースイッチ,箱,17500,17500
33056,PEN04-NEX,Ｅサージカルペンシルロッカースイッチ,箱,27500,27500
33056,PEN31-NEX,Ｅサージカルペンシルロッカースイッチ,箱,22500,22500
33056,PEN41-NEX,Ｅサージカルペンシルロッカースイッチ,箱,32500,32500
33056,AN301CI-NEX,Ｅサージカルメス先ニードル電極,箱,6800,6800
33056,AN301C-NEX,Ｅサージカルメス先ニードル電極,箱,5300,5300
33056,AN301I-NEX,Ｅサージカルメス先ニードル電極,箱,3800,3800
33056,AN301-NEX,Ｅサージカルメス先ニードル電極,箱,2100,2100
33056,AN302C-NEX,Ｅサージカルメス先ニードル電極ロング,箱,6800,6800
33056,AN302-NEX,Ｅサージカルメス先ニードル電極ロング,箱,4000,4000
33056,AN303C-NEX,Ｅサージカルメス先ニードル電極ロング,箱,14200,14200
33056,AN303-NEX,Ｅサージカルメス先ニードル電極ロング,箱,9400,9400
33056,AE101H-NEX,Ｅサージカルメス先ブレード電極,箱,1200,1200
33056,AE101-NEX,Ｅサージカルメス先ブレード電極,箱,1200,1200
33056,AE301CI-NEX,Ｅサージカルメス先ブレード電極,箱,6000,6000
33056,AE301C-NEX,Ｅサージカルメス先ブレード電極,箱,4500,4500
33056,AE301HC-NEX,Ｅサージカルメス先ブレード電極,箱,5000,5000
33056,AE301H-NEX,Ｅサージカルメス先ブレード電極,箱,1200,1200
33056,AE301I-NEX,Ｅサージカルメス先ブレード電極,箱,2600,2600
33056,AE301-NEX,Ｅサージカルメス先ブレード電極,箱,1500,1500
33056,AE302CI-NEX,Ｅサージカルメス先ブレード電極ロング,箱,9600,9600
33056,AE302C-NEX,Ｅサージカルメス先ブレード電極ロング,箱,6500,6500
33056,AE302I-NEX,Ｅサージカルメス先ブレード電極ロング,箱,6000,6000
33056,AE302-NEX,Ｅサージカルメス先ブレード電極ロング,箱,3500,3500
33056,AE303C-NEX,Ｅサージカルメス先ブレード電極ロング,箱,11340,11340
33056,AE303-NEX,Ｅサージカルメス先ブレード電極ロング,箱,6000,6000
33056,AE304CI-NEX,Ｅサージカルメス先ブレード電極ロング,箱,8000,8000
33056,AE304I-NEX,Ｅサージカルメス先ブレード電極ロング,箱,6000,6000
33056,AE304-NEX,Ｅサージカルメス先ブレード電極ロング,箱,3400,3400
33056,AB302C-NEX,Eサージカルメス先ボール電極,箱,6960,6960
33056,AB302-NEX,Eサージカルメス先ボール電極,箱,2340,2340
33056,AB303C-NEX,Eサージカルメス先ボール電極,箱,6960,6960
33056,AB303-NEX,Eサージカルメス先ボール電極,箱,2340,2340
33056,AB304C-NEX,Eサージカルメス先ボール電極ロング,箱,25750,25750
33056,AB304-NEX,Eサージカルメス先ボール電極ロング,箱,21000,21000
33056,AL315-NEX,Eサージカルループ電極,箱,13150,13150
33056,AL316-NEX,Eサージカルループ電極,箱,13150,13150
33056,AL317-NEX,Eサージカルループ電極,箱,13150,13150
33056,AL318-NEX,Eサージカルループ電極,箱,13150,13150
33056,AL319-NEX,Eサージカルループ電極,箱,13150,13150
33056,AL320-NEX,Eサージカルループ電極,箱,13150,13150
33056,AH300-NEX,Ｅサージカル滅菌ホルスター,箱,7500,7500
33056,WPEN01,ＷｉＳＭ電気外科ペンシル　フレックス,箱,8250,7750
33056,WPEN11,ＷｉＳＭ電気外科ペンシル　フレックスＨ付,箱,12000,11200
33056,WPEN02I,ＷｉＳＭ電気外科ペンシル　絶縁　Ｃ,箱,17000,16000
33056,WPEN11I,ＷｉＳＭ電気外科ペンシル　絶縁Ｈ付,箱,13500,12800
33139,WHCT-L,ＷｉＳＭハイポクリーンタオル　Ｌ,袋,890,840
33139,WHCT-M,ＷｉＳＭハイポクリーンタオル　M,袋,610,580
41009,WCT2-2,ＷｉＳＭキャスティングテープⅡ　２インチ,箱,2750,2400
41009,WCT2-3,ＷｉＳＭキャスティングテープⅡ　３インチ,箱,3200,3000
41009,WCT2-4,ＷｉＳＭキャスティングテープⅡ　４インチ,箱,4180,3800
41009,WCT2-5,ＷｉＳＭキャスティングテープⅡ　５インチ,箱,4850,4300
41009,PG20B,ＷｉＳＭプラスチックガウン　袖口ゴムタイプ,箱,660,600
41009,WPGF10,ＷｉＳＭプラスチックガウン　親指フック,箱,340,260
41318,WCR2025,ＷｉＳＭリチウムコイン電池　ＣＲ２０２５,箱,600,500
41318,WCR2032,ＷｉＳＭリチウムコイン電池　ＣＲ２０３２,箱,600,500
52001,WA-220,ＷｉＳＭオートクレーブ,台,247000,242000
52001,WA220KK,ＷｉＳＭオートクレーブ専用角カスト,個,11900,11900
52001,WA220MK,ＷｉＳＭオートクレーブ専用丸カスト,個,12250,12250
52001,WA220CA,ＷｉＳＭオートクレーブ滅菌バッグ専用かご,個,10500,10500
52093,WN95B-10,ＷｉＳＭ　Ｎ９５マスク　折りたたみ式,箱,530,500
52093,WN95B-20,ＷｉＳＭ　Ｎ９５マスク　折りたたみ式,箱,1050,950
52093,WN95C-20,ＷｉＳＭ　Ｎ９５マスク　カップ式,箱,1390,1300
52093,WSLM-BL,ＷｉＳＭ　シリコンマット　ブルー,枚,9500,8000
52093,WTD,ＷｉＳＭ　ディスポ舌圧子,箱,440,300
52093,WC50DL1B,ＷｉＳＭパルスオキシメータ,台,3700,3500
52094,WM-B-1000,ＷｉＳＭバルクチップ　１０００μＬ,袋,1180,1150
52094,WM-B-10,ＷｉＳＭバルクチップ　１０μＬ,袋,1270,1150
52094,WM-B-200,ＷｉＳＭバルクチップ　２００μＬ,袋,930,850
52195,WEB2,ＷｉＳＭ　弾力包帯　２号,箱,630,610
52195,WEB3,ＷｉＳＭ　弾力包帯　３号,箱,930,915
52195,WEB4,ＷｉＳＭ　弾力包帯　４号,箱,1160,1135
52195,WEB7,ＷｉＳＭ　弾力包帯　７号,箱,2000,1975
52195,WSN01,ＷｉＳＭストッキネット　ホワイト　１号,箱,900,900
52195,WSN02,ＷｉＳＭストッキネット　ホワイト　２号,箱,1150,1130
52195,WSN03,ＷｉＳＭストッキネット　ホワイト　３号,箱,1600,1595
52195,WSN04,ＷｉＳＭストッキネット　ホワイト　４号,箱,2120,2110
52195,WSN05,ＷｉＳＭストッキネット　ホワイト　５号,箱,2700,2680
52195,WSN08,ＷｉＳＭストッキネット　ホワイト　８号,箱,3700,3690
52195,WSNM100-2,ＷｉＳＭストッキネット綿１００％　２号,箱,1150,1130
52195,WSNM100-3,ＷｉＳＭストッキネット綿１００％　３号,箱,1600,1595
52195,WSNM100-4,ＷｉＳＭストッキネット綿１００％　４号,箱,2120,2110
52195,WSNM100-5,ＷｉＳＭストッキネット綿１００％　５号,箱,2700,2680
52195,WSNM100-8,ＷｉＳＭストッキネット綿１００％　８号,箱,3700,3690
52195,WNNB1,ＷｉＳＭノンラテックスネット包帯１号,箱,356,300
52195,WNNB2,ＷｉＳＭノンラテックスネット包帯２号,箱,540,510
52195,WNNB3,ＷｉＳＭノンラテックスネット包帯３号,箱,815,795
52195,WNNB4,ＷｉＳＭノンラテックスネット包帯４号,箱,1170,1160
52195,WNNB5,ＷｉＳＭノンラテックスネット包帯５号,箱,1530,1520
52195,WNNB6,ＷｉＳＭノンラテックスネット包帯６号,箱,1890,1890
52195,WTG30,ＷｉＳＭ止血バンド　グリーン　３０ＣＭ,本,230,220
52195,WTG35,ＷｉＳＭ止血バンド　グリーン　３５ＣＭ,本,240,230
52195,WTP30,ＷｉＳＭ止血バンド　ピンク　３０ＣＭ,本,230,220
52195,WTP35,ＷｉＳＭ止血バンド　ピンク　３５ＣＭ,本,240,230
52195,WSH2,ＷｉＳＭ伸縮包帯　２号,箱,460,458
52195,WSH3,ＷｉＳＭ伸縮包帯　３号,箱,660,650
52195,WSH4,ＷｉＳＭ伸縮包帯　４号,箱,770,762
52195,WHSS6,ＷｉＳＭ保温用シームレスサポーターすね,枚,266,250
52195,WHSS5,ＷｉＳＭ保温用シームレスサポーターひざＭ,枚,290,280
52195,WHSS3,ＷｉＳＭ保温用シームレスサポーターひじ,枚,242.00000000000003,232
52195,WHSS4,ＷｉＳＭ保温用シームレスサポーターもも,枚,320,310
52195,WHSS2,ＷｉＳＭ保温用シームレスサポーター手の平,枚,270,260
52195,WHSS1,ＷｉＳＭ保温用シームレスサポーター手首,袋,242.00000000000003,232
52195,WHSS8,ＷｉＳＭ保温用シームレスサポーター足首,枚,294,283
52195,WHSS7,ＷｉＳＭ保温用シームレスサポーター長ひざ,枚,341,335
52235,WMK-HM120,ＷｉＳＭモスキート鉗子　反無鈎１２ｃｍ,本,2100,2100
52235,WMK-TM120,ＷｉＳＭモスキート鉗子　直無鈎１２ｃｍ,本,2200,2200
52235,WTK-M135,ＷｉＳＭタオル鉗子　Ｍ式１３．５ｃｍ,本,2150,2150
52409,WHSW,ＷｉＳＭハイパワー浸漬洗浄剤,本,2900,2700
52997,726-00000-1,ＷｉＳＭ消毒用アルコールライト５００ｍｌ,本,260,250
61069,PA100P,ＷｉＳＭプラスチックエプロン　ピンク,箱,600,540
61069,PA50P,ＷｉＳＭプラスチックエプロン　ピンク,箱,300,270
61069,PA100B,ＷｉＳＭプラスチックエプロン　ブルー,箱,600,540
61069,PA50B,ＷｉＳＭプラスチックエプロン　ブルー,箱,300,270
61069,PA100W,ＷｉＳＭプラスチックエプロン　ホワイト,箱,600,540
61069,PA50W,ＷｉＳＭプラスチックエプロン　ホワイト,箱,300,270
61121,WTPP-HG,ＷｉＳＭサーマルプリンターペーパーＨＧ,箱,5100,5000
63250,WOT-M,ＷｉＳＭおしぼりタオル　大判,箱,5300,4800
63250,WOT-L,ＷｉＳＭおしぼりタオル　超大判,箱,5550,4500
63401,WCLR,ＦＩＬＬＴＵＮＥ　ＷｅＣＬＥＡＲ,個,198000,120000
63401,WCLR-S,ＦＩＬＬＴＵＮＥ　ＷｅＣＬＥＡＲ　Sサイズ,個,198000,120000
63401,WCLRV,ＦＩＬＬＴＵＮＥ　ＷｅＣＬＥＡＲ V,個,198000,120000
63401,WCLRV-S,ＦＩＬＬＴＵＮＥ　ＷｅＣＬＥＡＲ V Sサイズ,個,198000,120000
64954,WOCSP,ＷｉＳＭスポジカＥＸ　プラ軸　５０本入り,袋,610,605
64954,WOCSK,ＷｉＳＭスポジカＥＸＫ　紙軸　５０本入り,袋,610,605
71026,CH0S01,ＷｉＳＭマニー縫合針外科強弯弾０,袋,630,620
71026,TH0S01,ＷｉＳＭマニー縫合針外科強弯弾０丸針,袋,630,620
71026,CH1S01,ＷｉＳＭマニー縫合針外科強弯弾１,袋,630,620
71026,CH10S01,ＷｉＳＭマニー縫合針外科強弯弾１０,袋,740,730
71026,TH10S01,ＷｉＳＭマニー縫合針外科強弯弾１０丸針,袋,740,730
71026,CH11S01,ＷｉＳＭマニー縫合針外科強弯弾１１,袋,920,900
71026,TH11S01,ＷｉＳＭマニー縫合針外科強弯弾１１丸針,袋,2000,1960
71026,CH12S01,ＷｉＳＭマニー縫合針外科強弯弾１２,袋,980,960
71026,TH12S01,ＷｉＳＭマニー縫合針外科強弯弾１２丸針,袋,2500,2460
71026,CH13S01,ＷｉＳＭマニー縫合針外科強弯弾１３,袋,1050,1010
71026,TH13S01,ＷｉＳＭマニー縫合針外科強弯弾１３丸針,袋,2800,2700
71026,CH14S01,ＷｉＳＭマニー縫合針外科強弯弾１４,袋,1350,1320
71026,TH14S01,ＷｉＳＭマニー縫合針外科強弯弾１４丸針,袋,2800,2700
71026,CH15S01,ＷｉＳＭマニー縫合針外科強弯弾１５,袋,1550,1500
71026,TH15S01,ＷｉＳＭマニー縫合針外科強弯弾１５丸針,袋,3100,3060
71026,TH1S01,ＷｉＳＭマニー縫合針外科強弯弾１丸針,袋,630,620
71026,CH2S01,ＷｉＳＭマニー縫合針外科強弯弾２,袋,630,620
71026,CH02S01,ＷｉＳＭマニー縫合針外科強弯弾２－０,袋,1530,1490
71026,TH02S01,ＷｉＳＭマニー縫合針外科強弯弾２－０丸針,袋,1550,1520
71026,TH2S01,ＷｉＳＭマニー縫合針外科強弯弾２丸針,袋,630,620
71026,CH3S01,ＷｉＳＭマニー縫合針外科強弯弾３,袋,630,620
71026,CH03S01,ＷｉＳＭマニー縫合針外科強弯弾３－０,袋,1900,1850
71026,TH03S01,ＷｉＳＭマニー縫合針外科強弯弾３－０丸針,袋,1950,1890
71026,TH3S01,ＷｉＳＭマニー縫合針外科強弯弾３丸針,袋,630,620
71026,CH4S01,ＷｉＳＭマニー縫合針外科強弯弾４,袋,630,620
71026,TH4S01,ＷｉＳＭマニー縫合針外科強弯弾４丸針,袋,630,620
71026,CH5S01,ＷｉＳＭマニー縫合針外科強弯弾５,袋,630,620
71026,TH5S01,ＷｉＳＭマニー縫合針外科強弯弾５丸針,袋,630,620
71026,CH6S01,ＷｉＳＭマニー縫合針外科強弯弾６,袋,630,620
71026,TH6S01,ＷｉＳＭマニー縫合針外科強弯弾６丸針,袋,630,620
71026,CH7S01,ＷｉＳＭマニー縫合針外科強弯弾７,袋,630,620
71026,TH7S01,ＷｉＳＭマニー縫合針外科強弯弾７丸針,袋,630,620
71026,CH8S01,ＷｉＳＭマニー縫合針外科強弯弾８,袋,630,620
71026,TH8S01,ＷｉＳＭマニー縫合針外科強弯弾８丸針,袋,630,620
71026,CH9S01,ＷｉＳＭマニー縫合針外科強弯弾９,袋,740,730
71026,TH9S01,ＷｉＳＭマニー縫合針外科強弯弾９丸針,袋,740,730
71026,CE0S01,ＷｉＳＭマニー縫合針外科弱弯弾０,袋,630,620
71026,CE1S01,ＷｉＳＭマニー縫合針外科弱弯弾１,袋,630,620
71026,CE10S01,ＷｉＳＭマニー縫合針外科弱弯弾１０,袋,1950,1920
71026,CE2S01,ＷｉＳＭマニー縫合針外科弱弯弾２,袋,630,620
71026,CE02S01,ＷｉＳＭマニー縫合針外科弱弯弾２－０,袋,630,620
71026,CE3S01,ＷｉＳＭマニー縫合針外科弱弯弾３,袋,630,620
71026,CE4S01,ＷｉＳＭマニー縫合針外科弱弯弾４,袋,630,620
71026,CE5S01,ＷｉＳＭマニー縫合針外科弱弯弾５,袋,630,620
71026,CE6S01,ＷｉＳＭマニー縫合針外科弱弯弾６,袋,630,620
71026,CE7S01,ＷｉＳＭマニー縫合針外科弱弯弾７,袋,740,730
71026,CE8S01,ＷｉＳＭマニー縫合針外科弱弯弾８,袋,740,730
71026,CE9S01,ＷｉＳＭマニー縫合針外科弱弯弾９,袋,1850,1800
71026,ITH0S01,ＷｉＳＭマニー縫合針腸用弯弾０,袋,630,620
71026,ITH1S01,ＷｉＳＭマニー縫合針腸用弯弾１,袋,630,620
71026,ITH10S01,ＷｉＳＭマニー縫合針腸用弯弾１０,袋,2250,2180
71026,ITH2S01,ＷｉＳＭマニー縫合針腸用弯弾２,袋,630,620
71026,ITH02S01,ＷｉＳＭマニー縫合針腸用弯弾２－０,袋,1100,1060
71026,ITH3S01,ＷｉＳＭマニー縫合針腸用弯弾３,袋,630,620
71026,ITH03S01,ＷｉＳＭマニー縫合針腸用弯弾３－０,袋,2150,2080
71026,ITH4S01,ＷｉＳＭマニー縫合針腸用弯弾４,袋,670,660
71026,ITH5S01,ＷｉＳＭマニー縫合針腸用弯弾５,袋,670,660
71026,ITH6S01,ＷｉＳＭマニー縫合針腸用弯弾６,袋,760,750
71026,ITH7S01,ＷｉＳＭマニー縫合針腸用弯弾７,袋,760,750
71026,ITH8S01,ＷｉＳＭマニー縫合針腸用弯弾８,袋,1550,1500
71026,ITH9S01,ＷｉＳＭマニー縫合針腸用弯弾９,袋,2050,2010
71026,GCH0S01,ＷｉＳＭマニー縫合針婦人科弯弾０,袋,870,860
71026,GTH0S01,ＷｉＳＭマニー縫合針婦人科弯弾０丸針,袋,870,860
71026,GCH1S01,ＷｉＳＭマニー縫合針婦人科弯弾１,袋,870,860
71026,GCH10S01,ＷｉＳＭマニー縫合針婦人科弯弾１０,袋,5100,4960
71026,GTH10S01,ＷｉＳＭマニー縫合針婦人科弯弾１０丸針,袋,2550,2480
71026,GTH1S01,ＷｉＳＭマニー縫合針婦人科弯弾１丸針,袋,870,860
71026,GCH2S01,ＷｉＳＭマニー縫合針婦人科弯弾２,袋,870,860
71026,GTH2S01,ＷｉＳＭマニー縫合針婦人科弯弾２丸針,袋,870,860
71026,GCH3S01,ＷｉＳＭマニー縫合針婦人科弯弾３,袋,870,860
71026,GTH3S01,ＷｉＳＭマニー縫合針婦人科弯弾３丸針,袋,870,860
71026,GCH4S01,ＷｉＳＭマニー縫合針婦人科弯弾４,袋,870,860
71026,GTH4S01,ＷｉＳＭマニー縫合針婦人科弯弾４丸針,袋,870,860
71026,GCH5S01,ＷｉＳＭマニー縫合針婦人科弯弾５,袋,930,920
71026,GTH5S01,ＷｉＳＭマニー縫合針婦人科弯弾５丸針,袋,930,920
71026,GCH6S01,ＷｉＳＭマニー縫合針婦人科弯弾６,袋,930,920
71026,GTH6S01,ＷｉＳＭマニー縫合針婦人科弯弾６丸針,袋,930,920
71026,GCH7S01,ＷｉＳＭマニー縫合針婦人科弯弾７,袋,2550,2480
71026,GTH7S01,ＷｉＳＭマニー縫合針婦人科弯弾７丸針,袋,2150,2120
71026,GCH8S01,ＷｉＳＭマニー縫合針婦人科弯弾８,袋,2650,2580
71026,GTH8S01,ＷｉＳＭマニー縫合針婦人科弯弾８丸針,袋,2150,2120
71026,GCH9S01,ＷｉＳＭマニー縫合針婦人科弯弾９,袋,3400,3320
71026,GTH9S01,ＷｉＳＭマニー縫合針婦人科弯弾９丸針,袋,2350,2310
71168,WHSB-T,ＷｉＳＭ 針捨てボックス　トレイ,個,590,590
71168,WHSB1-H,ＷｉＳＭ 針捨てボックス　ホルダー1L,個,340,340
71168,WHSB2-H,ＷｉＳＭ 針捨てボックス　ホルダー2L,個,450,450
71168,WHSB3-H,ＷｉＳＭ 針捨てボックス　ホルダー3.2L,個,570,570
71168,WIGA,ＷｉＳＭアイソレーションガウンＡＩＲ,ケース,8800,8000
71168,WSFM-L,ＷｉＳＭスイフトマット　L,袋,710,700
71168,WSFM-M,ＷｉＳＭスイフトマット　M,袋,650,640
71168,WSFM-S,ＷｉＳＭスイフトマット　S,袋,600,590
71168,WSFMP-L,ＷｉＳＭスイフトマット プレミアム L,袋,850,830
71168,WSFMP-M,ＷｉＳＭスイフトマット プレミアム M,袋,770,740
71168,WSFMP-S,ＷｉＳＭスイフトマット プレミアム S,袋,870,870
71168,WPEG-L,ＷｉＳＭちょいのびポリグローブ  L,ケース,2250,2080
71168,WPEG-LL,ＷｉＳＭちょいのびポリグローブ  LL,ケース,2250,2080
71168,WPEG-M,ＷｉＳＭちょいのびポリグローブ M,ケース,2250,2080
71168,WPEG-S,ＷｉＳＭちょいのびポリグローブ S,ケース,2250,2080
71168,WDCT-P,ＷｉＳＭディスポキャップ（厚手）　ピンク,箱,590,540
71168,WDCT-B,ＷｉＳＭディスポキャップ（厚手） ブルー,箱,590,540
71168,WDCT-W,ＷｉＳＭディスポキャップ（厚手）　ホワイト,箱,590,540
71168,WDSC,ＷｉＳＭディスポシューズカバー,箱,720,560
71168,WDMSG-W,ＷｉＳＭディスポマスクソフトガード,箱,240,145
71168,WDMSG-W-B,ＷｉＳＭディスポマスクソフトガードケース,ケース,4800,2900
71168,WDMSG-P,ＷｉＳＭディスポマスクソフトガードピンク,箱,240,145
71168,WDMSG-B,ＷｉＳＭディスポマスクソフトガードブルー,箱,240,145
71168,WNGER-L,ＷｉＳＭニトリルグローブエコラブルL,箱,980,840
71168,WNGER-M,ＷｉＳＭニトリルグローブエコラブルM,箱,980,840
71168,WNGER-S,ＷｉＳＭニトリルグローブエコラブルS,箱,980,840
71168,WNGER-SS,ＷｉＳＭニトリルグローブエコラブルSS,箱,980,840
71168,WIG,ＷｉＳＭハイブリッドアイソガウン,ケース,13300,12800
71168,WHSB1,ＷｉＳＭ針捨てボックス　ハリコレ,袋,500,475
71168,WHSB2,ＷｉＳＭ針捨てボックス　ハリコレ,袋,900,850
71168,WHSB3,ＷｉＳＭ針捨てボックス　ハリコレ,袋,1450,1325
71168,WPF2-L,ＷｉＳＭプラスチックグローブＩＩ　Ｌ,ケース,3600,3000
71168,WPF2-LL,ＷｉＳＭプラスチックグローブＩＩ　ＬL,ケース,3600,3000
71168,WPF2-M,ＷｉＳＭプラスチックグローブＩＩ　Ｍ,ケース,3600,3000
71168,WPF2-S,ＷｉＳＭプラスチックグローブＩＩ　Ｓ,ケース,3600,3000
71168,800025006,ＷｉＳＭ閉鎖式採尿バッグ,箱,2400,2050
71168,WKAP,ＷｉＳＭ検査用穴あきパンツ,箱,910,800
71168,WKAP-L,ＷｉＳＭ検査用穴あきパンツロング,箱,1040,950
71168,WDSC-BL,ＷｉＳＭ防水ロングシューズカバー,箱,1470,1200
74156,WDM-P,ＷｉＳＭディスポマスク　ピンク,箱,280,250
74156,WDM-B,ＷｉＳＭディスポマスク　ブルー,箱,280,250
74156,WDM-W,ＷｉＳＭディスポマスク　ホワイト,箱,280,250
74156,WNGTF-L,ＷｉＳＭニトリルグローブトリプルフリーＬ,箱,1480,1350
74156,WNGTF-M,ＷｉＳＭニトリルグローブトリプルフリーＭ,箱,1480,1350
74156,WNGTF-S,ＷｉＳＭニトリルグローブトリプルフリーＳ,箱,1480,1350
74156,WNGTF-SS,ＷｉＳＭニトリルグローブトリプルフリーＳＳ,箱,1480,1350
74156,WMA,ＷｉＳＭ滅菌インジケーターカード,箱,990,880
74156,WMR-100,ＷｉＳＭ滅菌ロール　１００ｍｍ,巻,3000,2990
74156,WMR-150,ＷｉＳＭ滅菌ロール　１５０ｍｍ,巻,4850,4790
74156,WMR-200,ＷｉＳＭ滅菌ロール　２００ｍｍ,巻,5850,5850
74156,WMR-250,ＷｉＳＭ滅菌ロール　２５０ｍｍ,巻,7350,7280
74156,WMR-300,ＷｉＳＭ滅菌ロール　３００ｍｍ,巻,9780,9730
74156,WMR-350,ＷｉＳＭ滅菌ロール　３５０ｍｍ,巻,12070,12020
74156,WMR-050,ＷｉＳＭ滅菌ロール　５０ｍｍ,巻,1670,1620
74156,WMR-075,ＷｉＳＭ滅菌ロール　７５ｍｍ,巻,2250,2240
82043,PA100P,ＷｉＳＭプラスチックエプロン　ピンク,箱,600,540
82043,PA50P,ＷｉＳＭプラスチックエプロン　ピンク,箱,300,270
82043,PA100B,ＷｉＳＭプラスチックエプロン　ブルー,箱,600,540
82043,PA50B,ＷｉＳＭプラスチックエプロン　ブルー,箱,300,270
82043,PA100W,ＷｉＳＭプラスチックエプロン　ホワイト,箱,600,540
82043,PA50W,ＷｉＳＭプラスチックエプロン　ホワイト,箱,300,270
83031,650-R,ＷｉＳＭ自動分析装置用サンプルカップ,箱,11200,10950
83031,650-RA,ＷｉＳＭ自動分析装置用サンプルカップ,袋,2305,2250
83031,650-WRA,ＷｉＳＭ自動分析装置用サンプルカップ,袋,1150,1125
83085,WSHS250-H,ＷｉＳＭソニック　超音波検査用ゲルハード,本,235,220
83085,WSHS4000-H,ＷｉＳＭソニック　超音波検査用ゲルハード,箱,1865,1755
83085,WSHS250,ＷｉＳＭソニックＨＳ　超音波検査用ゲル,本,235,220
83085,WSHS4000,ＷｉＳＭソニックＨＳ　超音波検査用ゲル,箱,1865,1755
83956,BB-M,ブラッドバン　Ｍ　５００枚,箱,1620,1050
83956,BB-S,ブラッドバン　Ｓ　１０００枚,箱,1700,1100
83956,235011369,ブラッドバン プレスパッド フィット,箱,870,760
91035,WTS,ＷｉＳＭトイレシャワー携帯用おしり洗浄器,本,400,364
91913,WIID6260,ＷｉＳＭ インサイズイオジンドレープ　L,箱,9100,8700
91913,WIID6285,ＷｉＳＭ インサイズイオジンドレープ　LL,箱,12300,12000
91913,WIID6245,ＷｉＳＭ インサイズイオジンドレープ　M,箱,8400,8200
91913,WIID4035,ＷｉＳＭ インサイズイオジンドレープ　S,箱,6000,5800
91913,WIID1620,ＷｉＳＭ インサイズイオジンドレープ　SS,箱,4300,4150
91913,WKDC1215,ＷｉＳＭ器械台カバー,ケース,12800,12350
91913,WKDC1518,ＷｉＳＭ器械台カバー,ケース,11800,11400
91913,WKDC1524,ＷｉＳＭ器械台カバー,ケース,12500,12050
91913,WKDC1518HD,ＷｉＳＭ器械台カバーHD,ケース,12900,12450
91913,WKDC1215HD,ＷｉＳＭ器械台カバーHD,ケース,13400,12950
91913,WKDC1524HD,ＷｉＳＭ器械台カバーHD,ケース,12700,12270
91913,WDSG-L,ＷｉＳＭサージカルガウン　Ｌ,ケース,8400,7600
91913,WDSG-L1,ＷｉＳＭサージカルガウン　Ｌ　マスク付き,ケース,9600,8800
91913,WDSG-M,ＷｉＳＭサージカルガウン　M,ケース,8400,7600
91913,WDSG-M1,ＷｉＳＭサージカルガウン　Ｍ　マスク付き,ケース,9600,8800
91913,WDSG-XL,ＷｉＳＭサージカルガウン　ＸＬ,ケース,8400,7600
91913,WDSG-XL1,ＷｉＳＭサージカルガウン　ＸＬ　マスク付き,ケース,9600,8800
91913,WDSG-XXL,ＷｉＳＭサージカルガウン　ＸXＬ,ケース,8800,8400
91913,WDSG-XXL1,ＷｉＳＭサージカルガウン　ＸXＬ　マスク付き,ケース,10000,9200
91913,WNGST-L,ＷｉＳＭニトリルグローブストリッチ　Ｌ,箱,1320,1240
91913,WNGST-M,ＷｉＳＭニトリルグローブストリッチ　Ｍ,箱,1320,1240
91913,WNGST-S,ＷｉＳＭニトリルグローブストリッチ　S,箱,1320,1240
91913,WNGST-SS,ＷｉＳＭニトリルグローブストリッチ　SS,箱,1320,1240
91913,WFLD1215,ＷｉＳＭフレックスラミドレープ,ケース,17200,16500
91913,WFLD1518,ＷｉＳＭフレックスラミドレープ,ケース,13500,13000
91913,WFLD1212,ＷｉＳＭフレックスラミドレープ,ケース,17200,16500
91913,WMSC0614,ＷｉＳＭメイヨスタンドカバー,ケース,14000,13500
91913,WMW-SH0909-B,ＷｉＳＭ滅菌ラップ（シングルHD）,ケース,12250,11750
91913,WMW-SH1010-B,ＷｉＳＭ滅菌ラップ（シングルHD）,ケース,18750,18000
91913,WMW-SH1212-B,ＷｉＳＭ滅菌ラップ（シングルHD）,ケース,19200,18400
91913,WMW-SH1414-B,ＷｉＳＭ滅菌ラップ（シングルHD）,ケース,19800,18900
91913,WMW-SH1616-B,ＷｉＳＭ滅菌ラップ（シングルHD）,ケース,17200,16600
91913,WMW-SM0606-B,ＷｉＳＭ滅菌ラップ（シングルMD）,ケース,10500,8000
91913,WMW-SM0909-B,ＷｉＳＭ滅菌ラップ（シングルMD）,ケース,10500,8500
91913,WMW-SM1010-B,ＷｉＳＭ滅菌ラップ（シングルMD）,ケース,13500,11000
91913,WMW-SM1212-B,ＷｉＳＭ滅菌ラップ（シングルMD）,ケース,15400,12600
91913,WMW-SM1414-B,ＷｉＳＭ滅菌ラップ（シングルMD）,ケース,15900,15300
91913,WMW-DH0909-B,ＷｉＳＭ滅菌ラップ（ダブルHD）,ケース,10500,10300
91913,WMW-DH1010-B,ＷｉＳＭ滅菌ラップ（ダブルHD）,ケース,18000,17500
91913,WMW-DH1212-B,ＷｉＳＭ滅菌ラップ（ダブルHD）,ケース,19800,19200
91913,WMW-DH1414-B,ＷｉＳＭ滅菌ラップ（ダブルHD）,ケース,21300,20400
91913,WMW-DM0909-B,ＷｉＳＭ滅菌ラップ（ダブルMD）,ケース,8750,8500
91913,WMW-DM1010-B,ＷｉＳＭ滅菌ラップ（ダブルMD）,ケース,15000,14500
91913,WMW-DM1212-B,ＷｉＳＭ滅菌ラップ（ダブルMD）,ケース,14400,13600
91913,WMW-DM1414-B,ＷｉＳＭ滅菌ラップ（ダブルMD）,ケース,16800,15900
91913,WCR-NTR35-XS,ＷＡＮＯＣＡＲＥ　ニトリルグローブ３．５,箱,1240,1240
91913,WCR-NTR35-S,ＷＡＮＯＣＡＲＥ　ニトリルグローブ３．５,箱,1240,1240
91913,WCR-NTR35-M,ＷＡＮＯＣＡＲＥ　ニトリルグローブ３．５,箱,1240,1240
91913,WCR-NTR35-L,ＷＡＮＯＣＡＲＥ　ニトリルグローブ３．５,箱,1240,1240
91913,PPK10,パパットケリー１０枚入,箱,4200,3900
91913,DPPS,使い捨てパパットシーツ,袋,830,800
91913,BPA,入浴介助用エプロンＥＸロング,箱,2500,2300
92015,WFS,ＷｉＳＭフェイスシールド　２０枚入,袋,1230,1150
